insert into public.products (
  id, name, slug, description, price, original_price, category, rating, sold_count, stock, image_url, variants, tags
) values
(
  'p001',
  'Tai nghe Bluetooth AirBeat S3',
  'tai-nghe-bluetooth-airbeat-s3',
  'Tai nghe không dây chống ồn nhẹ, pin 28 giờ, phù hợp học online và làm việc.',
  459000,
  699000,
  'Điện tử',
  4.8,
  2380,
  86,
  'https://images.unsplash.com/photo-1606220588913-b3aacb4d2f46?auto=format&fit=crop&w=900&q=80',
  array['Đen', 'Trắng', 'Xanh navy'],
  array['tai nghe', 'bluetooth', 'duoi 500k']
),
(
  'p002',
  'Bàn phím cơ KPro Mini',
  'ban-phim-co-kpro-mini',
  'Bàn phím cơ layout 75%, switch êm, LED trắng, kết nối USB-C.',
  790000,
  990000,
  'Điện tử',
  4.7,
  912,
  42,
  'https://images.unsplash.com/photo-1618384887929-16ec33fab9ef?auto=format&fit=crop&w=900&q=80',
  array['Đen', 'Trắng'],
  array['ban phim', 'van phong', 'gaming']
),
(
  'p003',
  'Chuột không dây MobiClick M2',
  'chuot-khong-day-mobiclick-m2',
  'Chuột không dây nhỏ gọn, pin 6 tháng, click êm cho văn phòng.',
  189000,
  249000,
  'Điện tử',
  4.6,
  3210,
  150,
  'https://images.unsplash.com/photo-1527814050087-3793815479db?auto=format&fit=crop&w=900&q=80',
  array['Đen', 'Bạc', 'Hồng'],
  array['chuot', 'van phong', 'duoi 200k']
),
(
  'p004',
  'Đồng hồ thông minh FitNow Lite',
  'dong-ho-thong-minh-fitnow-lite',
  'Theo dõi nhịp tim, giấc ngủ, 80 chế độ luyện tập, chống nước IP68.',
  890000,
  1290000,
  'Điện tử',
  4.5,
  678,
  35,
  'https://images.unsplash.com/photo-1523275335684-37898b6baf30?auto=format&fit=crop&w=900&q=80',
  array['Đen', 'Hồng', 'Xanh rêu'],
  array['smartwatch', 'suc khoe', 'the thao']
),
(
  'p005',
  'Pin dự phòng VoltGo 10000mAh',
  'pin-du-phong-voltgo-10000mah',
  'Sạc nhanh 20W, 2 cổng USB-C/USB-A, vỏ mỏng dễ mang theo.',
  329000,
  449000,
  'Điện tử',
  4.9,
  1844,
  98,
  'https://images.unsplash.com/photo-1609091839311-d5365f9ff1c5?auto=format&fit=crop&w=900&q=80',
  array['Đen', 'Trắng'],
  array['pin du phong', 'sac nhanh', 'du lich']
),
(
  'p006',
  'Balo laptop UrbanPack 15',
  'balo-laptop-urbanpack-15',
  'Balo chống nước, ngăn laptop 15.6 inch, nhiều ngăn phụ cho đi làm.',
  419000,
  590000,
  'Thời trang',
  4.8,
  1260,
  64,
  'https://images.unsplash.com/photo-1553062407-98eeb64c6a62?auto=format&fit=crop&w=900&q=80',
  array['Đen', 'Xám', 'Xanh navy'],
  array['balo', 'laptop', 'di lam']
),
(
  'p007',
  'Giày sneaker DailyStep',
  'giay-sneaker-dailystep',
  'Sneaker đế nhẹ, form basic, phối đồ đi học và đi làm.',
  549000,
  720000,
  'Thời trang',
  4.6,
  2044,
  73,
  'https://images.unsplash.com/photo-1549298916-b41d501d3772?auto=format&fit=crop&w=900&q=80',
  array['39', '40', '41', '42', '43'],
  array['giay', 'sneaker', 'daily']
),
(
  'p008',
  'Áo thun CottonFlex basic',
  'ao-thun-cottonflex-basic',
  'Áo thun cotton co giãn, dày vừa, không xù lông sau nhiều lần giặt.',
  159000,
  220000,
  'Thời trang',
  4.7,
  5320,
  210,
  'https://images.unsplash.com/photo-1521572163474-6864f9cf17ab?auto=format&fit=crop&w=900&q=80',
  array['S', 'M', 'L', 'XL'],
  array['ao thun', 'basic', 'cotton']
),
(
  'p009',
  'Kem chống nắng SunCare SPF50',
  'kem-chong-nang-suncare-spf50',
  'Kết cấu mỏng nhẹ, không nâng tone quá nhiều, phù hợp da dầu.',
  259000,
  340000,
  'Làm đẹp',
  4.8,
  2876,
  120,
  'https://images.unsplash.com/photo-1556228720-195a672e8a03?auto=format&fit=crop&w=900&q=80',
  array['50ml'],
  array['chong nang', 'skincare', 'da dau']
),
(
  'p010',
  'Serum HA GlowSkin',
  'serum-ha-glowskin',
  'Serum cấp ẩm Hyaluronic Acid, hỗ trợ da căng bóng và dịu nhẹ.',
  319000,
  429000,
  'Làm đẹp',
  4.7,
  1465,
  57,
  'https://images.unsplash.com/photo-1620916566398-39f1143ab7be?auto=format&fit=crop&w=900&q=80',
  array['30ml'],
  array['serum', 'duong am', 'skincare']
),
(
  'p011',
  'Máy xay mini FreshCup',
  'may-xay-mini-freshcup',
  'Máy xay sinh tố cá nhân, sạc USB, dung tích 350ml.',
  299000,
  399000,
  'Gia dụng',
  4.4,
  870,
  45,
  'https://images.unsplash.com/photo-1570222094114-d054a817e56b?auto=format&fit=crop&w=900&q=80',
  array['Trắng', 'Xanh mint'],
  array['may xay', 'gia dung', 'suc khoe']
),
(
  'p012',
  'Đèn bàn LED EyeCare',
  'den-ban-led-eyecare',
  'Đèn học chống mỏi mắt, 3 nhiệt độ màu, cổ gập linh hoạt.',
  239000,
  320000,
  'Gia dụng',
  4.9,
  1940,
  101,
  'https://images.unsplash.com/photo-1507473885765-e6ed057f782c?auto=format&fit=crop&w=900&q=80',
  array['Trắng', 'Đen'],
  array['den ban', 'hoc tap', 'van phong']
),
(
  'p013',
  'Bình giữ nhiệt ChillBottle 600ml',
  'binh-giu-nhiet-chillbottle-600ml',
  'Giữ lạnh 18 giờ, giữ nóng 8 giờ, nắp chống rò rỉ.',
  199000,
  279000,
  'Gia dụng',
  4.8,
  3650,
  180,
  'https://images.unsplash.com/photo-1602143407151-7111542de6e8?auto=format&fit=crop&w=900&q=80',
  array['Đen', 'Trắng', 'Xanh'],
  array['binh giu nhiet', 'du lich', 'van phong']
),
(
  'p014',
  'Sổ tay Planner 2026',
  'so-tay-planner-2026',
  'Planner tuần/tháng, giấy chống lem, bìa cứng tối giản.',
  129000,
  169000,
  'Văn phòng',
  4.6,
  740,
  88,
  'https://images.unsplash.com/photo-1517842645767-c639042777db?auto=format&fit=crop&w=900&q=80',
  array['Xanh', 'Be', 'Đen'],
  array['so tay', 'planner', 'van phong']
),
(
  'p015',
  'Bút gel SmoothNote set 6 cây',
  'but-gel-smoothnote-set-6-cay',
  'Mực nhanh khô, nét 0.5mm, phù hợp ghi chú và học tập.',
  69000,
  99000,
  'Văn phòng',
  4.5,
  4210,
  260,
  'https://images.unsplash.com/photo-1583485088034-697b5bc54ccd?auto=format&fit=crop&w=900&q=80',
  array['Đen', 'Xanh', 'Mix màu'],
  array['but', 'hoc tap', 'van phong']
),
(
  'p016',
  'Loa Bluetooth PocketBass',
  'loa-bluetooth-pocketbass',
  'Loa mini chống nước nhẹ, âm bass tốt trong tầm giá.',
  389000,
  520000,
  'Điện tử',
  4.6,
  1180,
  59,
  'https://images.unsplash.com/photo-1608043152269-423dbba4e7e1?auto=format&fit=crop&w=900&q=80',
  array['Đen', 'Cam', 'Xanh'],
  array['loa', 'bluetooth', 'duoi 500k']
)
on conflict (id) do update set
  name = excluded.name,
  slug = excluded.slug,
  description = excluded.description,
  price = excluded.price,
  original_price = excluded.original_price,
  category = excluded.category,
  rating = excluded.rating,
  sold_count = excluded.sold_count,
  stock = excluded.stock,
  image_url = excluded.image_url,
  variants = excluded.variants,
  tags = excluded.tags,
  updated_at = now();

insert into public.faqs (id, category, question, answer) values
('f001', 'Giao hàng', 'Shop giao hàng trong bao lâu?', 'Nội thành thường 1-2 ngày, tỉnh thành khác 2-5 ngày tùy đơn vị vận chuyển.'),
('f002', 'Giao hàng', 'Có miễn phí vận chuyển không?', 'Đơn từ 499.000đ được miễn phí vận chuyển tiêu chuẩn trong chương trình demo.'),
('f003', 'Đổi trả', 'Chính sách đổi trả như thế nào?', 'Bạn có thể đổi trả trong 7 ngày nếu sản phẩm lỗi, sai mẫu hoặc còn nguyên tem nhãn.'),
('f004', 'Thanh toán', 'Shop hỗ trợ hình thức thanh toán nào?', 'Demo hỗ trợ COD và chuyển khoản. Khi triển khai thật có thể tích hợp ví điện tử.'),
('f005', 'Bảo hành', 'Sản phẩm điện tử bảo hành bao lâu?', 'Nhóm điện tử được bảo hành 6-12 tháng tùy sản phẩm, thông tin chi tiết nằm ở trang sản phẩm.'),
('f006', 'Đơn hàng', 'Làm sao kiểm tra trạng thái đơn hàng?', 'Bạn cung cấp mã đơn như OD1001, bot sẽ tra trạng thái đơn hàng demo cho bạn.')
on conflict (id) do update set
  category = excluded.category,
  question = excluded.question,
  answer = excluded.answer;

insert into public.orders (id, customer_name, phone, address, status, total_amount) values
('OD1001', 'Nguyen An', '0901001001', '12 Nguyen Trai, Quan 1, TP.HCM', 'Đang giao', 788000),
('OD1002', 'Tran Binh', '0902002002', '88 Cau Giay, Ha Noi', 'Chờ xác nhận', 790000),
('OD1003', 'Le Chi', '0903003003', '25 Le Loi, Da Nang', 'Đã giao', 387000)
on conflict (id) do update set
  customer_name = excluded.customer_name,
  phone = excluded.phone,
  address = excluded.address,
  status = excluded.status,
  total_amount = excluded.total_amount;

insert into public.order_items (order_id, product_id, quantity, price) values
('OD1001', 'p001', 1, 459000),
('OD1001', 'p005', 1, 329000),
('OD1002', 'p002', 1, 790000),
('OD1003', 'p008', 2, 159000),
('OD1003', 'p015', 1, 69000)
on conflict (order_id, product_id) do update set
  quantity = excluded.quantity,
  price = excluded.price;

